missing_slug	score	suggested_content_id	suggested_building_name	content_url
allianz-tower	0.88		Medialand Tower (Ex Allianz Tower)	
allianz-tower	0.78		Alfa Tower	https://cms.rumah123.com/admin/content-manager/collectionType/api::office-venue.office-venue/563
allianz-tower	0.75		Palma Tower	https://cms.rumah123.com/admin/content-manager/collectionType/api::office-venue.office-venue/605
altira-altira	0.88		Altira Office Tower	https://cms.rumah123.com/admin/content-manager/collectionType/api::office-venue.office-venue/613
altira-altira	0.88		T Tower	https://cms.rumah123.com/admin/content-manager/collectionType/api::office-venue.office-venue/117
altira-altira	0.67		Atria at Sudirman	https://cms.rumah123.com/admin/content-manager/collectionType/api::office-venue.office-venue/400
altira-altira-office-park-mini-office	0.88		Altira Office Tower	https://cms.rumah123.com/admin/content-manager/collectionType/api::office-venue.office-venue/613
altira-altira-office-park-mini-office	0.88		T Tower	https://cms.rumah123.com/admin/content-manager/collectionType/api::office-venue.office-venue/117
altira-altira-office-park-mini-office	0.88		Park Tower	https://cms.rumah123.com/admin/content-manager/collectionType/api::office-venue.office-venue/312
anz-tower	0.88		Medialand Tower (Ex Allianz Tower)	
anz-tower	0.82		NT Tower	https://cms.rumah123.com/admin/content-manager/collectionType/api::office-venue.office-venue/596
anz-tower	0.78		AXA Tower	https://cms.rumah123.com/admin/content-manager/collectionType/api::office-venue.office-venue/394
arrtu-agro-nusantara	0.88		Sol Office Suite (Ex Arrtu Agro Nusantara)	
arrtu-agro-nusantara	0.88		Plaza Agro	https://cms.rumah123.com/admin/content-manager/collectionType/api::office-venue.office-venue/378
arrtu-agro-nusantara	0.88		T Tower	https://cms.rumah123.com/admin/content-manager/collectionType/api::office-venue.office-venue/117
bellezza-bellezza-shopping-arcade	0.88		Bellezza Shopping Arcade	https://cms.rumah123.com/admin/content-manager/collectionType/api::office-venue.office-venue/544
bellezza-bellezza-shopping-arcade	0.41		Foresta Business Loft Signature	https://cms.rumah123.com/admin/content-manager/collectionType/api::office-venue.office-venue/152
bellezza-bellezza-shopping-arcade	0.40		Plaza Basmar	https://cms.rumah123.com/admin/content-manager/collectionType/api::office-venue.office-venue/9
bellezza-office-tower	0.88		Bellezza Shopping Arcade	https://cms.rumah123.com/admin/content-manager/collectionType/api::office-venue.office-venue/544
bellezza-office-tower	0.76		Blugreen Office Tower	https://cms.rumah123.com/admin/content-manager/collectionType/api::office-venue.office-venue/212
bellezza-office-tower	0.75		Altira Office Tower	https://cms.rumah123.com/admin/content-manager/collectionType/api::office-venue.office-venue/613
berita-satu-plaza	0.88		Menara Satu	https://cms.rumah123.com/admin/content-manager/collectionType/api::office-venue.office-venue/317
berita-satu-plaza	0.88		T Tower	https://cms.rumah123.com/admin/content-manager/collectionType/api::office-venue.office-venue/117
berita-satu-plaza	0.74		Ratu Plaza	https://cms.rumah123.com/admin/content-manager/collectionType/api::office-venue.office-venue/418
blue-green-office-tower	0.95		Blugreen Office Tower	https://cms.rumah123.com/admin/content-manager/collectionType/api::office-venue.office-venue/212
blue-green-office-tower	0.72		The Prominence Office Tower	https://cms.rumah123.com/admin/content-manager/collectionType/api::office-venue.office-venue/540
blue-green-office-tower	0.71		Altira Office Tower	https://cms.rumah123.com/admin/content-manager/collectionType/api::office-venue.office-venue/613
cibis-tower	0.88		CIBIS Nine	https://cms.rumah123.com/admin/content-manager/collectionType/api::office-venue.office-venue/82
cibis-tower	0.88		IS Plaza	https://cms.rumah123.com/admin/content-manager/collectionType/api::office-venue.office-venue/322
cibis-tower	0.80		TBS Tower	
cibis-tower-9	0.88		IS Plaza	https://cms.rumah123.com/admin/content-manager/collectionType/api::office-venue.office-venue/322
cibis-tower-9	0.73		TBS Tower	
cibis-tower-9	0.71		CIBIS Nine	https://cms.rumah123.com/admin/content-manager/collectionType/api::office-venue.office-venue/82
ciputra-international-puri-3-phase-1	0.88		T Tower	https://cms.rumah123.com/admin/content-manager/collectionType/api::office-venue.office-venue/117
ciputra-international-puri-3-phase-1	0.88		NT Tower	https://cms.rumah123.com/admin/content-manager/collectionType/api::office-venue.office-venue/596
ciputra-international-puri-3-phase-1	0.45		International Financial Center	https://cms.rumah123.com/admin/content-manager/collectionType/api::office-venue.office-venue/410
ciputra-world-2	0.94		Ciputra World 1 Tower 2	https://cms.rumah123.com/admin/content-manager/collectionType/api::office-venue.office-venue/498
ciputra-world-2	0.88		Tokopedia Tower (Ex. Ciputra World 2)	
ciputra-world-2	0.88		T Tower	https://cms.rumah123.com/admin/content-manager/collectionType/api::office-venue.office-venue/117
ciputra-world-2-tokopedia-tower	0.88		T Tower	https://cms.rumah123.com/admin/content-manager/collectionType/api::office-venue.office-venue/117
ciputra-world-2-tokopedia-tower	0.74		Ciputra World 1 Tower 2	https://cms.rumah123.com/admin/content-manager/collectionType/api::office-venue.office-venue/498
ciputra-world-2-tokopedia-tower	0.61		Citra North Towers	
ciputra-world-2-tokopedia-tower-tokopedia-tower	0.88		T Tower	https://cms.rumah123.com/admin/content-manager/collectionType/api::office-venue.office-venue/117
ciputra-world-2-tokopedia-tower-tokopedia-tower	0.60		Ciputra World 1 Tower 2	https://cms.rumah123.com/admin/content-manager/collectionType/api::office-venue.office-venue/498
ciputra-world-2-tokopedia-tower-tokopedia-tower	0.52		Tokopedia Tower (Ex. Ciputra World 2)	
citra-towers-1	0.88		T Tower	https://cms.rumah123.com/admin/content-manager/collectionType/api::office-venue.office-venue/117
citra-towers-1	0.75		Citra North Towers	
citra-towers-1	0.75		Citra South Towers	
citra-towers-2	0.88		T Tower	https://cms.rumah123.com/admin/content-manager/collectionType/api::office-venue.office-venue/117
citra-towers-2	0.75		Citra North Towers	
citra-towers-2	0.75		Citra South Towers	
citylofts-sudirman	0.97		City Lofts Sudirman	https://cms.rumah123.com/admin/content-manager/collectionType/api::office-venue.office-venue/352
citylofts-sudirman	0.88		City Plaza	https://cms.rumah123.com/admin/content-manager/collectionType/api::office-venue.office-venue/260
citylofts-sudirman	0.88		Menara Sudirman	https://cms.rumah123.com/admin/content-manager/collectionType/api::office-venue.office-venue/242
daswin-office-tower	0.88		Trinity Tower (Daswin Office Tower)	
daswin-office-tower	0.83		Kino Office Tower	https://cms.rumah123.com/admin/content-manager/collectionType/api::office-venue.office-venue/123
daswin-office-tower	0.80		ITS Office Tower	https://cms.rumah123.com/admin/content-manager/collectionType/api::office-venue.office-venue/622
de-ritz	1.00		De Ritz Building	https://cms.rumah123.com/admin/content-manager/collectionType/api::office-venue.office-venue/85
de-ritz	0.88		T Tower	https://cms.rumah123.com/admin/content-manager/collectionType/api::office-venue.office-venue/117
de-ritz	0.59		Gedung Data Print	https://cms.rumah123.com/admin/content-manager/collectionType/api::office-venue.office-venue/270
gallery-west	0.88		T Tower	https://cms.rumah123.com/admin/content-manager/collectionType/api::office-venue.office-venue/117
gallery-west	0.56		Liberty Tower	https://cms.rumah123.com/admin/content-manager/collectionType/api::office-venue.office-venue/325
gallery-west	0.54		Talavera Tower	https://cms.rumah123.com/admin/content-manager/collectionType/api::office-venue.office-venue/59
gandaria-8	1.00		Gandaria 8 Office Tower	https://cms.rumah123.com/admin/content-manager/collectionType/api::office-venue.office-venue/328
gandaria-8	0.88		Office 8	https://cms.rumah123.com/admin/content-manager/collectionType/api::office-venue.office-venue/144
gandaria-8	0.63		Menara Mandiri 2	https://cms.rumah123.com/admin/content-manager/collectionType/api::office-venue.office-venue/602
gedung-anakida	0.88		Plaza SUA (Ex Gedung Anakida)	
gedung-anakida	0.75		Gedung BNI	https://cms.rumah123.com/admin/content-manager/collectionType/api::office-venue.office-venue/405
gedung-anakida	0.74		Gedung Tranka	https://cms.rumah123.com/admin/content-manager/collectionType/api::office-venue.office-venue/532
gedung-arva	0.88		Gedung Arva Cikini	https://cms.rumah123.com/admin/content-manager/collectionType/api::office-venue.office-venue/323
gedung-arva	0.88		Gedung Arva Gondangdia	https://cms.rumah123.com/admin/content-manager/collectionType/api::office-venue.office-venue/585
gedung-arva	0.83		Gedung Mayora	https://cms.rumah123.com/admin/content-manager/collectionType/api::office-venue.office-venue/567
gedung-bank-panin-senayan	0.83		Gedung Bank Panin Pusat	https://cms.rumah123.com/admin/content-manager/collectionType/api::office-venue.office-venue/403
gedung-bank-panin-senayan	0.72		Panin Tower Senayan City	https://cms.rumah123.com/admin/content-manager/collectionType/api::office-venue.office-venue/238
gedung-bank-panin-senayan	0.71		Gedung Panin Bank	https://cms.rumah123.com/admin/content-manager/collectionType/api::office-venue.office-venue/404
gedung-bni-1	0.92		Gedung BRI 1	https://cms.rumah123.com/admin/content-manager/collectionType/api::office-venue.office-venue/406
gedung-bni-1	0.91		Gedung BNI	https://cms.rumah123.com/admin/content-manager/collectionType/api::office-venue.office-venue/405
gedung-bni-1	0.88		Menara BNI	https://cms.rumah123.com/admin/content-manager/collectionType/api::office-venue.office-venue/571
gedung-hero	1.00		Hero Building	https://cms.rumah123.com/admin/content-manager/collectionType/api::office-venue.office-venue/600
gedung-hero	0.88		Synthesis Tower 2 (Ex. Gedung Hero)	
gedung-hero	0.73		Gedung Rifa	https://cms.rumah123.com/admin/content-manager/collectionType/api::office-venue.office-venue/5
gedung-indosat	0.88		T Tower	https://cms.rumah123.com/admin/content-manager/collectionType/api::office-venue.office-venue/117
gedung-indosat	0.88		Gedung Indosat Oreedo	https://cms.rumah123.com/admin/content-manager/collectionType/api::office-venue.office-venue/62
gedung-indosat	0.85		Gedung Sindo	https://cms.rumah123.com/admin/content-manager/collectionType/api::office-venue.office-venue/234
gedung-jaga	0.96		Gedung Jagat	https://cms.rumah123.com/admin/content-manager/collectionType/api::office-venue.office-venue/620
gedung-jaga	0.91		Gedung Jaya	https://cms.rumah123.com/admin/content-manager/collectionType/api::office-venue.office-venue/286
gedung-jaga	0.75		Gedung Tranka	https://cms.rumah123.com/admin/content-manager/collectionType/api::office-venue.office-venue/532
gedung-mutiara	1.00		Plaza Mutiara	https://cms.rumah123.com/admin/content-manager/collectionType/api::office-venue.office-venue/392
gedung-mutiara	1.00		Mutiara Building	https://cms.rumah123.com/admin/content-manager/collectionType/api::office-venue.office-venue/15
gedung-mutiara	0.88		T Tower	https://cms.rumah123.com/admin/content-manager/collectionType/api::office-venue.office-venue/117
gold-coast-office-tower	0.88		T Tower	https://cms.rumah123.com/admin/content-manager/collectionType/api::office-venue.office-venue/117
gold-coast-office-tower	0.88		Eiffel Tower (Gold Coast Office Tower)	
gold-coast-office-tower	0.74		PuloMas Office Tower	https://cms.rumah123.com/admin/content-manager/collectionType/api::office-venue.office-venue/526
graha-adhi-media	0.97		Grha Adhi Media	https://cms.rumah123.com/admin/content-manager/collectionType/api::office-venue.office-venue/267
graha-adhi-media	0.69		Graha Arda	https://cms.rumah123.com/admin/content-manager/collectionType/api::office-venue.office-venue/364
graha-adhi-media	0.67		Graha Irama	https://cms.rumah123.com/admin/content-manager/collectionType/api::office-venue.office-venue/366
graha-codefin	0.88		Kedutaan Besar Kerajaan Arab Saudi (Ex Graha Codefin)	
graha-codefin	0.70		Graha Pena	https://cms.rumah123.com/admin/content-manager/collectionType/api::office-venue.office-venue/550
graha-codefin	0.70		Graha Inti	https://cms.rumah123.com/admin/content-manager/collectionType/api::office-venue.office-venue/64
graha-fif	0.88		Menara FIF	https://cms.rumah123.com/admin/content-manager/collectionType/api::office-venue.office-venue/486
graha-fif	0.78		Graha BIP	https://cms.rumah123.com/admin/content-manager/collectionType/api::office-venue.office-venue/342
graha-fif	0.78		Graha MIR	https://cms.rumah123.com/admin/content-manager/collectionType/api::office-venue.office-venue/521
graha-kirana	0.88		Gedung Samudera Kirana (Ex Graha Kirana)	
graha-kirana	0.87		Graha Irama	https://cms.rumah123.com/admin/content-manager/collectionType/api::office-venue.office-venue/366
graha-kirana	0.83		Graha Kanaan	https://cms.rumah123.com/admin/content-manager/collectionType/api::office-venue.office-venue/121
graha-xl	0.74		Graha Multi	https://cms.rumah123.com/admin/content-manager/collectionType/api::office-venue.office-venue/8
graha-xl	0.71		Graha BIP	https://cms.rumah123.com/admin/content-manager/collectionType/api::office-venue.office-venue/342
graha-xl	0.71		Graha STR	https://cms.rumah123.com/admin/content-manager/collectionType/api::office-venue.office-venue/319
green-office-park-1	0.95		Green Office Park 9	https://cms.rumah123.com/admin/content-manager/collectionType/api::office-venue.office-venue/569
green-office-park-1	0.88		Park Tower	https://cms.rumah123.com/admin/content-manager/collectionType/api::office-venue.office-venue/312
green-office-park-1	0.88		Green Office Park 1 South Tower	https://cms.rumah123.com/admin/content-manager/collectionType/api::office-venue.office-venue/314
hermina-office-building	0.88		Hermina Tower 1	https://cms.rumah123.com/admin/content-manager/collectionType/api::office-venue.office-venue/510
hermina-office-building	0.88		Hermina Tower 2	https://cms.rumah123.com/admin/content-manager/collectionType/api::office-venue.office-venue/116
hermina-office-building	0.81		Margonda Office Building	https://cms.rumah123.com/admin/content-manager/collectionType/api::office-venue.office-venue/292
honeylady-tower	0.88		One Tower	https://cms.rumah123.com/admin/content-manager/collectionType/api::office-venue.office-venue/79
honeylady-tower	0.78		The Honey Lady	https://cms.rumah123.com/admin/content-manager/collectionType/api::office-venue.office-venue/156
honeylady-tower	0.69		Yodya Tower	https://cms.rumah123.com/admin/content-manager/collectionType/api::office-venue.office-venue/266
indonesia-satu	0.88		Menara Satu	https://cms.rumah123.com/admin/content-manager/collectionType/api::office-venue.office-venue/317
indonesia-satu	0.88		One Tower	https://cms.rumah123.com/admin/content-manager/collectionType/api::office-venue.office-venue/79
indonesia-satu	0.88		T Tower	https://cms.rumah123.com/admin/content-manager/collectionType/api::office-venue.office-venue/117
international-financial-center-tower-2	0.97		International Financial Center	https://cms.rumah123.com/admin/content-manager/collectionType/api::office-venue.office-venue/410
international-financial-center-tower-2	0.88		T Tower	https://cms.rumah123.com/admin/content-manager/collectionType/api::office-venue.office-venue/117
international-financial-center-tower-2	0.88		NT Tower	https://cms.rumah123.com/admin/content-manager/collectionType/api::office-venue.office-venue/596
jayatama-plaza	0.88		Gedung Jaya	https://cms.rumah123.com/admin/content-manager/collectionType/api::office-venue.office-venue/286
jayatama-plaza	0.88		T Tower	https://cms.rumah123.com/admin/content-manager/collectionType/api::office-venue.office-venue/117
jayatama-plaza	0.88		Menara Tekno (Ex Jayatama Plaza)	
kebayoran-icon	1.00		Kebayoran Icon Office Building	https://cms.rumah123.com/admin/content-manager/collectionType/api::office-venue.office-venue/106
kebayoran-icon	0.88		Kebayoran Icon Mini Office	https://cms.rumah123.com/admin/content-manager/collectionType/api::office-venue.office-venue/274
kebayoran-icon	0.64		Menara Citicon	https://cms.rumah123.com/admin/content-manager/collectionType/api::office-venue.office-venue/95
kota-kasablanka-88-kasablanka-tower-a	0.88		Office 8	https://cms.rumah123.com/admin/content-manager/collectionType/api::office-venue.office-venue/144
kota-kasablanka-88-kasablanka-tower-a	0.88		T Tower	https://cms.rumah123.com/admin/content-manager/collectionType/api::office-venue.office-venue/117
kota-kasablanka-88-kasablanka-tower-a	0.61		88 @ Kota Kasablanka	https://cms.rumah123.com/admin/content-manager/collectionType/api::office-venue.office-venue/460
kota-kasablanka-tower-b-prudential-center	0.88		Prudential Tower	https://cms.rumah123.com/admin/content-manager/collectionType/api::office-venue.office-venue/295
kota-kasablanka-tower-b-prudential-center	0.88		T Tower	https://cms.rumah123.com/admin/content-manager/collectionType/api::office-venue.office-venue/117
kota-kasablanka-tower-b-prudential-center	0.88		NT Tower	https://cms.rumah123.com/admin/content-manager/collectionType/api::office-venue.office-venue/596
kota-kasablanka-tower-prudential-center	0.88		Prudential Tower	https://cms.rumah123.com/admin/content-manager/collectionType/api::office-venue.office-venue/295
kota-kasablanka-tower-prudential-center	0.88		T Tower	https://cms.rumah123.com/admin/content-manager/collectionType/api::office-venue.office-venue/117
kota-kasablanka-tower-prudential-center	0.88		NT Tower	https://cms.rumah123.com/admin/content-manager/collectionType/api::office-venue.office-venue/596
l-avenue-office	0.88		L' Avenue Office Park	
l-avenue-office	0.67		Revenue Tower	https://cms.rumah123.com/admin/content-manager/collectionType/api::office-venue.office-venue/330
l-avenue-office	0.62		Desa Altel Office	https://cms.rumah123.com/admin/content-manager/collectionType/api::office-venue.office-venue/487
land-mark-pluit	0.97		Landmark Pluit	https://cms.rumah123.com/admin/content-manager/collectionType/api::office-venue.office-venue/139
land-mark-pluit	0.88		T Tower	https://cms.rumah123.com/admin/content-manager/collectionType/api::office-venue.office-venue/117
land-mark-pluit	0.72		Landmark Tower 1	https://cms.rumah123.com/admin/content-manager/collectionType/api::office-venue.office-venue/411
landmark-pluit-land-mark-pluit	0.88		T Tower	https://cms.rumah123.com/admin/content-manager/collectionType/api::office-venue.office-venue/117
landmark-pluit-land-mark-pluit	0.88		Landmark Pluit	https://cms.rumah123.com/admin/content-manager/collectionType/api::office-venue.office-venue/139
landmark-pluit-land-mark-pluit	0.48		Gedung Bank Panin Pusat	https://cms.rumah123.com/admin/content-manager/collectionType/api::office-venue.office-venue/403
mangkuluhur-tower	0.88		Mangkuluhur City	https://cms.rumah123.com/admin/content-manager/collectionType/api::office-venue.office-venue/494
mangkuluhur-tower	0.69		AKR Tower	https://cms.rumah123.com/admin/content-manager/collectionType/api::office-venue.office-venue/189
mangkuluhur-tower	0.65		MNC Bank Tower	https://cms.rumah123.com/admin/content-manager/collectionType/api::office-venue.office-venue/146
manhattan-square-tower-1	0.94		Manhattan Square	https://cms.rumah123.com/admin/content-manager/collectionType/api::office-venue.office-venue/604
manhattan-square-tower-1	0.88		T Tower	https://cms.rumah123.com/admin/content-manager/collectionType/api::office-venue.office-venue/117
manhattan-square-tower-1	0.68		Graha Satria Tower 1	https://cms.rumah123.com/admin/content-manager/collectionType/api::office-venue.office-venue/176
menara-btpn	0.88		Menara SMBC (Ex Menara BTPN)	
menara-btpn	0.88		T Tower	https://cms.rumah123.com/admin/content-manager/collectionType/api::office-venue.office-venue/117
menara-btpn	0.86		Menara BNI	https://cms.rumah123.com/admin/content-manager/collectionType/api::office-venue.office-venue/571
menara-citibank-pondok-indah	0.88		Menara Pondok Indah (Ex Menara Citibank - Pondok Indah)	
menara-citibank-pondok-indah	0.88		T Tower	https://cms.rumah123.com/admin/content-manager/collectionType/api::office-venue.office-venue/117
menara-citibank-pondok-indah	0.72		Wisma BCA - Pondok Indah	https://cms.rumah123.com/admin/content-manager/collectionType/api::office-venue.office-venue/480
menara-dea-i	0.92		Menara Dea 1	https://cms.rumah123.com/admin/content-manager/collectionType/api::office-venue.office-venue/387
menara-dea-i	0.92		Menara Dea 2	https://cms.rumah123.com/admin/content-manager/collectionType/api::office-venue.office-venue/148
menara-dea-i	0.82		Menara Era	https://cms.rumah123.com/admin/content-manager/collectionType/api::office-venue.office-venue/623
menara-mulia	0.88		Menara BRIPens  (Ex Menara Mulia )	
menara-mulia	0.88		Wisma Mulia 1	https://cms.rumah123.com/admin/content-manager/collectionType/api::office-venue.office-venue/30
menara-mulia	0.88		Wisma Mulia 2	https://cms.rumah123.com/admin/content-manager/collectionType/api::office-venue.office-venue/349
menara-palma-2	0.93		Menara Palma 1	https://cms.rumah123.com/admin/content-manager/collectionType/api::office-venue.office-venue/374
menara-palma-2	0.88		Palma Tower	https://cms.rumah123.com/admin/content-manager/collectionType/api::office-venue.office-venue/605
menara-palma-2	0.79		Menara Prima I	https://cms.rumah123.com/admin/content-manager/collectionType/api::office-venue.office-venue/388
menara-prima-ii	0.97		Menara Prima I	https://cms.rumah123.com/admin/content-manager/collectionType/api::office-venue.office-venue/388
menara-prima-ii	0.88		Menara Sun Life (Ex. Menara Prima II)	
menara-prima-ii	0.76		Menara Palma 1	https://cms.rumah123.com/admin/content-manager/collectionType/api::office-venue.office-venue/374
menara-standard-chartered	0.88		RDTX Square (Ex Menara Standard Chartered)	
menara-standard-chartered	0.88		T Tower	https://cms.rumah123.com/admin/content-manager/collectionType/api::office-venue.office-venue/117
menara-standard-chartered	0.59		Menara Mandiri 2	https://cms.rumah123.com/admin/content-manager/collectionType/api::office-venue.office-venue/602
mgk-kemayoran-mall-mgk	0.88		KEM Tower	https://cms.rumah123.com/admin/content-manager/collectionType/api::office-venue.office-venue/626
mgk-kemayoran-mall-mgk	0.88		Gedung Mayora	https://cms.rumah123.com/admin/content-manager/collectionType/api::office-venue.office-venue/567
mgk-kemayoran-mall-mgk	0.54		Kebayoran Icon Mini Office	https://cms.rumah123.com/admin/content-manager/collectionType/api::office-venue.office-venue/274
mgk-kemayoran-mgk-mall-retail	0.88		T Tower	https://cms.rumah123.com/admin/content-manager/collectionType/api::office-venue.office-venue/117
mgk-kemayoran-mgk-mall-retail	0.88		KEM Tower	https://cms.rumah123.com/admin/content-manager/collectionType/api::office-venue.office-venue/626
mgk-kemayoran-mgk-mall-retail	0.88		MGK Mall (Retail & Office)	
office-one	1.00		One Tower	https://cms.rumah123.com/admin/content-manager/collectionType/api::office-venue.office-venue/79
office-one	0.88		Graha Surveyor Indonesia	https://cms.rumah123.com/admin/content-manager/collectionType/api::office-venue.office-venue/2
office-one	0.88		Palma One	https://cms.rumah123.com/admin/content-manager/collectionType/api::office-venue.office-venue/376
oleos-2	0.88		DWB Tower (Ex Oleos 2)	
oleos-2	0.88		Plaza Oleos	https://cms.rumah123.com/admin/content-manager/collectionType/api::office-venue.office-venue/167
oleos-2	0.56		Noble House	https://cms.rumah123.com/admin/content-manager/collectionType/api::office-venue.office-venue/391
one-wolter-place	0.88		Hans Wolter Place (Ex One Wolter Place)	
one-wolter-place	0.88		One Tower	https://cms.rumah123.com/admin/content-manager/collectionType/api::office-venue.office-venue/79
one-wolter-place	0.88		T Tower	https://cms.rumah123.com/admin/content-manager/collectionType/api::office-venue.office-venue/117
pacific-century-place-tower-pcp	1.00		Pacific Century Place Tower (PCP Tower)	
pacific-century-place-tower-pcp	0.88		T Tower	https://cms.rumah123.com/admin/content-manager/collectionType/api::office-venue.office-venue/117
pacific-century-place-tower-pcp	0.88		NT Tower	https://cms.rumah123.com/admin/content-manager/collectionType/api::office-venue.office-venue/596
plaza-abda	0.88		Plaza Asia (Ex Plaza Abda)	
plaza-abda	0.73		Plaza Aminta	https://cms.rumah123.com/admin/content-manager/collectionType/api::office-venue.office-venue/609
plaza-abda	0.73		Plaza Basmar	https://cms.rumah123.com/admin/content-manager/collectionType/api::office-venue.office-venue/9
plaza-alstom	0.88		Plaza Simatupang (Ex. Plaza Alstom)	
plaza-alstom	0.88		T Tower	https://cms.rumah123.com/admin/content-manager/collectionType/api::office-venue.office-venue/117
plaza-alstom	0.75		Plaza Basmar	https://cms.rumah123.com/admin/content-manager/collectionType/api::office-venue.office-venue/9
plaza-bapindo-citibank-tower	0.88		T Tower	https://cms.rumah123.com/admin/content-manager/collectionType/api::office-venue.office-venue/117
plaza-bapindo-citibank-tower	0.64		Bangkok Bank	
plaza-bapindo-citibank-tower	0.62		Gedung Panin Bank	https://cms.rumah123.com/admin/content-manager/collectionType/api::office-venue.office-venue/404
plaza-bapindo-mandiri-tower	0.88		Plaza Mandiri	https://cms.rumah123.com/admin/content-manager/collectionType/api::office-venue.office-venue/24
plaza-bapindo-mandiri-tower	0.65		Pelindo Tower / Maritime Tower	https://cms.rumah123.com/admin/content-manager/collectionType/api::office-venue.office-venue/142
plaza-bapindo-mandiri-tower	0.64		Wisma Mandiri	https://cms.rumah123.com/admin/content-manager/collectionType/api::office-venue.office-venue/43
plaza-centris	0.88		Gedung MIGAS (Ex Plaza Centris)	
plaza-centris	0.88		T Tower	https://cms.rumah123.com/admin/content-manager/collectionType/api::office-venue.office-venue/117
plaza-centris	0.88		IS Plaza	https://cms.rumah123.com/admin/content-manager/collectionType/api::office-venue.office-venue/322
plaza-permata	0.88		Gedung Permata Kuningan	https://cms.rumah123.com/admin/content-manager/collectionType/api::office-venue.office-venue/360
plaza-permata	0.88		Plaza Bank Index (Ex Plaza Permata)	
plaza-permata	0.88		T Tower	https://cms.rumah123.com/admin/content-manager/collectionType/api::office-venue.office-venue/117
podomoro-city	0.88		City Plaza	https://cms.rumah123.com/admin/content-manager/collectionType/api::office-venue.office-venue/260
podomoro-city	0.88		T Tower	https://cms.rumah123.com/admin/content-manager/collectionType/api::office-venue.office-venue/117
podomoro-city	0.88		Soho @ Podomoro City	https://cms.rumah123.com/admin/content-manager/collectionType/api::office-venue.office-venue/537
prince-center	0.92		Prince Centre	https://cms.rumah123.com/admin/content-manager/collectionType/api::office-venue.office-venue/603
prince-center	0.88		T Tower	https://cms.rumah123.com/admin/content-manager/collectionType/api::office-venue.office-venue/117
prince-center	0.88		NT Tower	https://cms.rumah123.com/admin/content-manager/collectionType/api::office-venue.office-venue/596
rdtx-tower	0.88		RDTX Square (Ex Menara Standard Chartered)	
rdtx-tower	0.88		Mandiri Inhealth Tower (Ex RDTX Tower)	
rdtx-tower	0.88		T Tower	https://cms.rumah123.com/admin/content-manager/collectionType/api::office-venue.office-venue/117
social-security-tower	0.88		T Tower	https://cms.rumah123.com/admin/content-manager/collectionType/api::office-venue.office-venue/117
social-security-tower	0.88		Plaza BP Jamsostek (Social Security Tower)	
social-security-tower	0.67		Equity Tower	https://cms.rumah123.com/admin/content-manager/collectionType/api::office-venue.office-venue/127
sophie-building	0.76		Haery Building	https://cms.rumah123.com/admin/content-manager/collectionType/api::office-venue.office-venue/463
sophie-building	0.74		KMO Building	https://cms.rumah123.com/admin/content-manager/collectionType/api::office-venue.office-venue/220
sophie-building	0.73		Seyeon Building	https://cms.rumah123.com/admin/content-manager/collectionType/api::office-venue.office-venue/576
st-moritz-office-tower	0.88		T Tower	https://cms.rumah123.com/admin/content-manager/collectionType/api::office-venue.office-venue/117
st-moritz-office-tower	0.88		Lippo St Moritz Office Tower	https://cms.rumah123.com/admin/content-manager/collectionType/api::office-venue.office-venue/517
st-moritz-office-tower	0.79		ITS Office Tower	https://cms.rumah123.com/admin/content-manager/collectionType/api::office-venue.office-venue/622
sudirman-78	0.96		Sudirman 7.8	
sudirman-78	0.88		Menara Sudirman	https://cms.rumah123.com/admin/content-manager/collectionType/api::office-venue.office-venue/242
sudirman-78	0.88		Office 8	https://cms.rumah123.com/admin/content-manager/collectionType/api::office-venue.office-venue/144
talavera-talavera-office-park	0.88		Talavera Tower	https://cms.rumah123.com/admin/content-manager/collectionType/api::office-venue.office-venue/59
talavera-talavera-office-park	0.88		T Tower	https://cms.rumah123.com/admin/content-manager/collectionType/api::office-venue.office-venue/117
talavera-talavera-office-park	0.88		Menara Era	https://cms.rumah123.com/admin/content-manager/collectionType/api::office-venue.office-venue/623
telesindo-tower	0.88		T Tower	https://cms.rumah123.com/admin/content-manager/collectionType/api::office-venue.office-venue/117
telesindo-tower	0.88		Lawu Tower (Ex Telesindo Tower)	
telesindo-tower	0.88		Gedung Sindo	https://cms.rumah123.com/admin/content-manager/collectionType/api::office-venue.office-venue/234
thamrin-nine-indosurya-plaza	0.88		Menara Thamrin	https://cms.rumah123.com/admin/content-manager/collectionType/api::office-venue.office-venue/211
thamrin-nine-indosurya-plaza	0.88		T Tower	https://cms.rumah123.com/admin/content-manager/collectionType/api::office-venue.office-venue/117
thamrin-nine-indosurya-plaza	0.50		Gedung Samudera Indonesia	https://cms.rumah123.com/admin/content-manager/collectionType/api::office-venue.office-venue/44
the-smith	0.88		The Plaza	https://cms.rumah123.com/admin/content-manager/collectionType/api::office-venue.office-venue/205
the-smith	0.88		The Tower	https://cms.rumah123.com/admin/content-manager/collectionType/api::office-venue.office-venue/475
the-smith	0.88		T Tower	https://cms.rumah123.com/admin/content-manager/collectionType/api::office-venue.office-venue/117
wisma-81-toto-office-building	0.88		Office 8	https://cms.rumah123.com/admin/content-manager/collectionType/api::office-venue.office-venue/144
wisma-81-toto-office-building	0.88		T Tower	https://cms.rumah123.com/admin/content-manager/collectionType/api::office-venue.office-venue/117
wisma-81-toto-office-building	0.88		IS Plaza	https://cms.rumah123.com/admin/content-manager/collectionType/api::office-venue.office-venue/322
wisma-baja	0.88		IS Plaza	https://cms.rumah123.com/admin/content-manager/collectionType/api::office-venue.office-venue/322
wisma-baja	0.80		Wisma Aria	https://cms.rumah123.com/admin/content-manager/collectionType/api::office-venue.office-venue/102
wisma-baja	0.78		Wisma Raharja	https://cms.rumah123.com/admin/content-manager/collectionType/api::office-venue.office-venue/459
wisma-bisnis-indonesia	0.96		Wisma Bisnis Indonesia 1	https://cms.rumah123.com/admin/content-manager/collectionType/api::office-venue.office-venue/236
wisma-bisnis-indonesia	0.96		Wisma Bisnis Indonesia 2	https://cms.rumah123.com/admin/content-manager/collectionType/api::office-venue.office-venue/54
wisma-bisnis-indonesia	0.88		One Tower	https://cms.rumah123.com/admin/content-manager/collectionType/api::office-venue.office-venue/79
wisma-sejahtera	0.88		T Tower	https://cms.rumah123.com/admin/content-manager/collectionType/api::office-venue.office-venue/117
wisma-sejahtera	0.88		IS Plaza	https://cms.rumah123.com/admin/content-manager/collectionType/api::office-venue.office-venue/322
wisma-sejahtera	0.88		Menara Era	https://cms.rumah123.com/admin/content-manager/collectionType/api::office-venue.office-venue/623
xl-axiata	0.88		XL Smart Tower (Ex XL Axiata)	
xl-axiata	0.88		T Tower	https://cms.rumah123.com/admin/content-manager/collectionType/api::office-venue.office-venue/117
xl-axiata	0.57		Plaza Aminta	https://cms.rumah123.com/admin/content-manager/collectionType/api::office-venue.office-venue/609
